{
  "" : {
    "transaction" : "",
    "sampleCount" : 76,
    "errorCount" : 0,
    "errorPct" : 0.0,
    "meanResTime" : 6268.750000000001,
    "medianResTime" : 3151.5,
    "minResTime" : 1237.0,
    "maxResTime" : 23824.0,
    "pct1ResTime" : 15268.9,
    "pct2ResTime" : 20334.599999999984,
    "pct3ResTime" : 23824.0,
    "throughput" : 1.9718236774511582,
    "receivedKBytesPerSec" : 11.931960529473574,
    "sentKBytesPerSec" : 3.9725314908024805
  },
  "-16" : {
    "transaction" : "-16",
    "sampleCount" : 288,
    "errorCount" : 0,
    "errorPct" : 0.0,
    "meanResTime" : 4092.6631944444453,
    "medianResTime" : 1308.5,
    "minResTime" : 261.0,
    "maxResTime" : 25053.0,
    "pct1ResTime" : 10933.700000000003,
    "pct2ResTime" : 15267.550000000005,
    "pct3ResTime" : 20869.84000000001,
    "throughput" : 6.810120595885552,
    "receivedKBytesPerSec" : 9.487920090446915,
    "sentKBytesPerSec" : 2.247871837313786
  },
  "-17" : {
    "transaction" : "-17",
    "sampleCount" : 175,
    "errorCount" : 0,
    "errorPct" : 0.0,
    "meanResTime" : 3103.3028571428576,
    "medianResTime" : 1062.0,
    "minResTime" : 221.0,
    "maxResTime" : 21448.0,
    "pct1ResTime" : 8363.000000000002,
    "pct2ResTime" : 10559.59999999999,
    "pct3ResTime" : 20972.240000000005,
    "throughput" : 4.304937147917641,
    "receivedKBytesPerSec" : 6.349229762182971,
    "sentKBytesPerSec" : 2.1734887748763865
  },
  "-18" : {
    "transaction" : "-18",
    "sampleCount" : 103,
    "errorCount" : 0,
    "errorPct" : 0.0,
    "meanResTime" : 2822.184466019418,
    "medianResTime" : 576.0,
    "minResTime" : 238.0,
    "maxResTime" : 23033.0,
    "pct1ResTime" : 8159.400000000009,
    "pct2ResTime" : 11260.399999999998,
    "pct3ResTime" : 22961.399999999987,
    "throughput" : 2.5020648107661665,
    "receivedKBytesPerSec" : 4.213528192258175,
    "sentKBytesPerSec" : 1.4049680333892047
  },
  "-19" : {
    "transaction" : "-19",
    "sampleCount" : 76,
    "errorCount" : 0,
    "errorPct" : 0.0,
    "meanResTime" : 2319.618421052632,
    "medianResTime" : 444.5,
    "minResTime" : 238.0,
    "maxResTime" : 20569.0,
    "pct1ResTime" : 8550.499999999995,
    "pct2ResTime" : 11638.499999999995,
    "pct3ResTime" : 20569.0,
    "throughput" : 2.0646563433849496,
    "receivedKBytesPerSec" : 3.076370848614507,
    "sentKBytesPerSec" : 1.2762963528932354
  },
  "Total" : {
    "transaction" : "Total",
    "sampleCount" : 642,
    "errorCount" : 0,
    "errorPct" : 0.0,
    "meanResTime" : 3409.2538940809973,
    "medianResTime" : 968.5,
    "minResTime" : 221.0,
    "maxResTime" : 25053.0,
    "pct1ResTime" : 9839.400000000001,
    "pct2ResTime" : 12725.000000000011,
    "pct3ResTime" : 20824.85,
    "throughput" : 15.18089382832821,
    "receivedKBytesPerSec" : 22.37034741516907,
    "sentKBytesPerSec" : 6.815662686214235
  }
}