{
  "" : {
    "transaction" : "",
    "sampleCount" : 475,
    "errorCount" : 1,
    "errorPct" : 0.21052632,
    "meanResTime" : 2928.7578947368424,
    "medianResTime" : 2198.0,
    "minResTime" : 1057.0,
    "maxResTime" : 13862.0,
    "pct1ResTime" : 5861.6,
    "pct2ResTime" : 7188.6,
    "pct3ResTime" : 9701.560000000001,
    "throughput" : 18.620878905484336,
    "receivedKBytesPerSec" : 113.18259456221334,
    "sentKBytesPerSec" : 37.51452459181073
  },
  "-16" : {
    "transaction" : "-16",
    "sampleCount" : 556,
    "errorCount" : 0,
    "errorPct" : 0.0,
    "meanResTime" : 766.1870503597125,
    "medianResTime" : 392.0,
    "minResTime" : 258.0,
    "maxResTime" : 6663.0,
    "pct1ResTime" : 1747.3000000000004,
    "pct2ResTime" : 2759.749999999999,
    "pct3ResTime" : 5368.659999999997,
    "throughput" : 22.190293742017882,
    "receivedKBytesPerSec" : 31.147573186063216,
    "sentKBytesPerSec" : 7.324530551564496
  },
  "-17" : {
    "transaction" : "-17",
    "sampleCount" : 522,
    "errorCount" : 1,
    "errorPct" : 0.19157088,
    "meanResTime" : 743.7796934865902,
    "medianResTime" : 356.0,
    "minResTime" : 225.0,
    "maxResTime" : 6899.0,
    "pct1ResTime" : 1881.1999999999998,
    "pct2ResTime" : 3028.649999999999,
    "pct3ResTime" : 5071.089999999995,
    "throughput" : 21.674140508221228,
    "receivedKBytesPerSec" : 32.069478829305766,
    "sentKBytesPerSec" : 10.942901018310913
  },
  "-18" : {
    "transaction" : "-18",
    "sampleCount" : 496,
    "errorCount" : 0,
    "errorPct" : 0.0,
    "meanResTime" : 743.4274193548391,
    "medianResTime" : 359.5,
    "minResTime" : 222.0,
    "maxResTime" : 6850.0,
    "pct1ResTime" : 1914.5,
    "pct2ResTime" : 3015.45,
    "pct3ResTime" : 5002.409999999999,
    "throughput" : 20.71500167056465,
    "receivedKBytesPerSec" : 35.151396552894255,
    "sentKBytesPerSec" : 11.631958945873706
  },
  "-19" : {
    "transaction" : "-19",
    "sampleCount" : 475,
    "errorCount" : 0,
    "errorPct" : 0.0,
    "meanResTime" : 808.8715789473682,
    "medianResTime" : 374.0,
    "minResTime" : 229.0,
    "maxResTime" : 7359.0,
    "pct1ResTime" : 2021.600000000002,
    "pct2ResTime" : 3578.399999999999,
    "pct3ResTime" : 6087.880000000003,
    "throughput" : 19.769426062346525,
    "receivedKBytesPerSec" : 29.631337596766137,
    "sentKBytesPerSec" : 12.220748727993508
  },
  "Total" : {
    "transaction" : "Total",
    "sampleCount" : 2049,
    "errorCount" : 1,
    "errorPct" : 0.048804294,
    "meanResTime" : 764.8643240605163,
    "medianResTime" : 371.0,
    "minResTime" : 222.0,
    "maxResTime" : 7359.0,
    "pct1ResTime" : 1851.0,
    "pct2ResTime" : 3037.0,
    "pct3ResTime" : 5477.0,
    "throughput" : 80.5772936411184,
    "receivedKBytesPerSec" : 122.1602150841559,
    "sentKBytesPerSec" : 40.080845503657244
  }
}