{
  "Read List" : {
    "transaction" : "Read List",
    "sampleCount" : 6242,
    "errorCount" : 7,
    "errorPct" : 0.11214355,
    "meanResTime" : 85.3093559756488,
    "medianResTime" : 2.0,
    "minResTime" : 0.0,
    "maxResTime" : 8291.0,
    "pct1ResTime" : 118.0,
    "pct2ResTime" : 352.0,
    "pct3ResTime" : 1727.2599999999948,
    "throughput" : 206.49045618445862,
    "receivedKBytesPerSec" : 105.9018696347051,
    "sentKBytesPerSec" : 38.11087733426511
  },
  "HTTP Request - Item Create" : {
    "transaction" : "HTTP Request - Item Create",
    "sampleCount" : 6381,
    "errorCount" : 11,
    "errorPct" : 0.17238678,
    "meanResTime" : 84.75097947030245,
    "medianResTime" : 2.0,
    "minResTime" : 0.0,
    "maxResTime" : 6848.0,
    "pct1ResTime" : 155.80000000000018,
    "pct2ResTime" : 396.0,
    "pct3ResTime" : 1507.1800000000003,
    "throughput" : 214.79785909045006,
    "receivedKBytesPerSec" : 69.23209123691386,
    "sentKBytesPerSec" : 67.33409450003366
  },
  "Create Item" : {
    "transaction" : "Create Item",
    "sampleCount" : 6381,
    "errorCount" : 11,
    "errorPct" : 0.17238678,
    "meanResTime" : 84.75097947030244,
    "medianResTime" : 2.0,
    "minResTime" : 0.0,
    "maxResTime" : 6848.0,
    "pct1ResTime" : 155.80000000000018,
    "pct2ResTime" : 396.0,
    "pct3ResTime" : 1507.1800000000003,
    "throughput" : 214.79062878685875,
    "receivedKBytesPerSec" : 69.22976081779319,
    "sentKBytesPerSec" : 67.33182796931803
  },
  "Update List" : {
    "transaction" : "Update List",
    "sampleCount" : 6206,
    "errorCount" : 5,
    "errorPct" : 0.080567196,
    "meanResTime" : 89.26796648404756,
    "medianResTime" : 2.0,
    "minResTime" : 0.0,
    "maxResTime" : 6997.0,
    "pct1ResTime" : 148.30000000000018,
    "pct2ResTime" : 378.64999999999964,
    "pct3ResTime" : 1769.7600000000093,
    "throughput" : 209.29448266558748,
    "receivedKBytesPerSec" : 62.70241309608121,
    "sentKBytesPerSec" : 49.05257102176919
  },
  "Delete Item" : {
    "transaction" : "Delete Item",
    "sampleCount" : 6268,
    "errorCount" : 7,
    "errorPct" : 0.11167837,
    "meanResTime" : 86.91336949585195,
    "medianResTime" : 5.0,
    "minResTime" : 0.0,
    "maxResTime" : 5791.0,
    "pct1ResTime" : 143.10000000000036,
    "pct2ResTime" : 389.5499999999993,
    "pct3ResTime" : 1636.1599999999817,
    "throughput" : 211.2358035924915,
    "receivedKBytesPerSec" : 39.44304770961817,
    "sentKBytesPerSec" : 45.17525533523742
  },
  "Delete List" : {
    "transaction" : "Delete List",
    "sampleCount" : 6164,
    "errorCount" : 67,
    "errorPct" : 1.0869565,
    "meanResTime" : 88.96787800129782,
    "medianResTime" : 3.0,
    "minResTime" : 0.0,
    "maxResTime" : 8648.0,
    "pct1ResTime" : 137.0,
    "pct2ResTime" : 414.0,
    "pct3ResTime" : 1497.6000000000058,
    "throughput" : 207.98326416303945,
    "receivedKBytesPerSec" : 39.17766300359348,
    "sentKBytesPerSec" : 44.47997198392213
  },
  "HTTP Request - List Create" : {
    "transaction" : "HTTP Request - List Create",
    "sampleCount" : 6421,
    "errorCount" : 0,
    "errorPct" : 0.0,
    "meanResTime" : 97.12490266313654,
    "medianResTime" : 4.0,
    "minResTime" : 0.0,
    "maxResTime" : 7331.0,
    "pct1ResTime" : 211.0,
    "pct2ResTime" : 490.7999999999993,
    "pct3ResTime" : 1362.5599999999995,
    "throughput" : 215.0152362455212,
    "receivedKBytesPerSec" : 64.25259989368115,
    "sentKBytesPerSec" : 48.92436527852192
  },
  "Read Item" : {
    "transaction" : "Read Item",
    "sampleCount" : 6346,
    "errorCount" : 9,
    "errorPct" : 0.14182162,
    "meanResTime" : 92.64150646076249,
    "medianResTime" : 3.0,
    "minResTime" : 0.0,
    "maxResTime" : 7568.0,
    "pct1ResTime" : 138.0,
    "pct2ResTime" : 440.64999999999964,
    "pct3ResTime" : 1667.9499999999962,
    "throughput" : 210.81655703939938,
    "receivedKBytesPerSec" : 74.39984002308816,
    "sentKBytesPerSec" : 38.90901793277855
  },
  "Create List" : {
    "transaction" : "Create List",
    "sampleCount" : 6421,
    "errorCount" : 0,
    "errorPct" : 0.0,
    "meanResTime" : 97.12490266313651,
    "medianResTime" : 4.0,
    "minResTime" : 0.0,
    "maxResTime" : 7331.0,
    "pct1ResTime" : 211.0,
    "pct2ResTime" : 490.7999999999993,
    "pct3ResTime" : 1362.5599999999995,
    "throughput" : 214.0119321401193,
    "receivedKBytesPerSec" : 63.95278440905909,
    "sentKBytesPerSec" : 48.69607440297637
  },
  "HTTP Request - Item Delete" : {
    "transaction" : "HTTP Request - Item Delete",
    "sampleCount" : 6268,
    "errorCount" : 7,
    "errorPct" : 0.11167837,
    "meanResTime" : 86.91336949585191,
    "medianResTime" : 5.0,
    "minResTime" : 0.0,
    "maxResTime" : 5791.0,
    "pct1ResTime" : 143.10000000000036,
    "pct2ResTime" : 389.5499999999993,
    "pct3ResTime" : 1636.1599999999817,
    "throughput" : 211.24292262065248,
    "receivedKBytesPerSec" : 39.44437701157657,
    "sentKBytesPerSec" : 45.17677782294756
  },
  "Total" : {
    "transaction" : "Total",
    "sampleCount" : 50334,
    "errorCount" : 113,
    "errorPct" : 0.22450034,
    "meanResTime" : 89.4929471132836,
    "medianResTime" : 22.0,
    "minResTime" : 0.0,
    "maxResTime" : 8648.0,
    "pct1ResTime" : 190.0,
    "pct2ResTime" : 815.9000000000015,
    "pct3ResTime" : 2829.980000000003,
    "throughput" : 1653.6566134437217,
    "receivedKBytesPerSec" : 509.1584416991097,
    "sentKBytesPerSec" : 378.38995971318747
  },
  "HTTP Request - ItemRead" : {
    "transaction" : "HTTP Request - ItemRead",
    "sampleCount" : 6346,
    "errorCount" : 9,
    "errorPct" : 0.14182162,
    "meanResTime" : 92.64150646076253,
    "medianResTime" : 3.0,
    "minResTime" : 0.0,
    "maxResTime" : 7568.0,
    "pct1ResTime" : 138.0,
    "pct2ResTime" : 440.64999999999964,
    "pct3ResTime" : 1667.9499999999962,
    "throughput" : 210.81655703939938,
    "receivedKBytesPerSec" : 74.39984002308816,
    "sentKBytesPerSec" : 38.90901793277855
  },
  "Update Item" : {
    "transaction" : "Update Item",
    "sampleCount" : 6306,
    "errorCount" : 7,
    "errorPct" : 0.11100539,
    "meanResTime" : 90.7917856010149,
    "medianResTime" : 3.0,
    "minResTime" : 0.0,
    "maxResTime" : 6702.0,
    "pct1ResTime" : 144.0,
    "pct2ResTime" : 399.64999999999964,
    "pct3ResTime" : 1705.1600000000035,
    "throughput" : 212.47346608713232,
    "receivedKBytesPerSec" : 63.70383151807676,
    "sentKBytesPerSec" : 54.56967021083932
  },
  "HTTP Request - Item Update" : {
    "transaction" : "HTTP Request - Item Update",
    "sampleCount" : 6306,
    "errorCount" : 7,
    "errorPct" : 0.11100539,
    "meanResTime" : 90.79178560101488,
    "medianResTime" : 3.0,
    "minResTime" : 0.0,
    "maxResTime" : 6702.0,
    "pct1ResTime" : 144.0,
    "pct2ResTime" : 399.64999999999964,
    "pct3ResTime" : 1705.1600000000035,
    "throughput" : 212.47346608713232,
    "receivedKBytesPerSec" : 63.70383151807676,
    "sentKBytesPerSec" : 54.56967021083932
  },
  "HTTP Request - List Read" : {
    "transaction" : "HTTP Request - List Read",
    "sampleCount" : 12406,
    "errorCount" : 74,
    "errorPct" : 0.59648556,
    "meanResTime" : 87.12695469933928,
    "medianResTime" : 2.0,
    "minResTime" : 0.0,
    "maxResTime" : 8648.0,
    "pct1ResTime" : 125.0,
    "pct2ResTime" : 387.0,
    "pct3ResTime" : 1613.510000000002,
    "throughput" : 410.4006086870224,
    "receivedKBytesPerSec" : 144.3122834240299,
    "sentKBytesPerSec" : 81.71976051556453
  },
  "HTTP Request - List Update" : {
    "transaction" : "HTTP Request - List Update",
    "sampleCount" : 6206,
    "errorCount" : 5,
    "errorPct" : 0.080567196,
    "meanResTime" : 89.26796648404758,
    "medianResTime" : 2.0,
    "minResTime" : 0.0,
    "maxResTime" : 6997.0,
    "pct1ResTime" : 148.30000000000018,
    "pct2ResTime" : 378.64999999999964,
    "pct3ResTime" : 1769.7600000000093,
    "throughput" : 209.29448266558748,
    "receivedKBytesPerSec" : 62.70241309608121,