{
  "Read" : {
    "transaction" : "Read",
    "sampleCount" : 5517,
    "errorCount" : 0,
    "errorPct" : 0.0,
    "meanResTime" : 165.78212796809868,
    "medianResTime" : 28.0,
    "minResTime" : 0.0,
    "maxResTime" : 12440.0,
    "pct1ResTime" : 150.19999999999982,
    "pct2ResTime" : 837.0,
    "pct3ResTime" : 3444.939999999995,
    "throughput" : 190.07751937984497,
    "receivedKBytesPerSec" : 56.20639534883721,
    "sentKBytesPerSec" : 34.85979893410853
  },
  "Delete" : {
    "transaction" : "Delete",
    "sampleCount" : 5372,
    "errorCount" : 0,
    "errorPct" : 0.0,
    "meanResTime" : 175.57799702159332,
    "medianResTime" : 30.0,
    "minResTime" : 0.0,
    "maxResTime" : 10432.0,
    "pct1ResTime" : 211.69999999999982,
    "pct2ResTime" : 877.0,
    "pct3ResTime" : 3527.749999999988,
    "throughput" : 186.17869272891107,
    "receivedKBytesPerSec" : 34.726689757052746,
    "sentKBytesPerSec" : 39.598231885093924
  },
  "HTTP Request - List Create" : {
    "transaction" : "HTTP Request - List Create",
    "sampleCount" : 5583,
    "errorCount" : 0,
    "errorPct" : 0.0,
    "meanResTime" : 283.4991939817309,
    "medianResTime" : 45.0,
    "minResTime" : 1.0,
    "maxResTime" : 11531.0,
    "pct1ResTime" : 622.2000000000007,
    "pct2ResTime" : 1704.2000000000016,
    "pct3ResTime" : 4665.48,
    "throughput" : 187.33642037447152,
    "receivedKBytesPerSec" : 55.76217095329173,
    "sentKBytesPerSec" : 42.626353464113144
  },
  "Create" : {
    "transaction" : "Create",
    "sampleCount" : 5583,
    "errorCount" : 0,
    "errorPct" : 0.0,
    "meanResTime" : 283.4997313272433,
    "medianResTime" : 45.0,
    "minResTime" : 1.0,
    "maxResTime" : 11531.0,
    "pct1ResTime" : 622.2000000000007,
    "pct2ResTime" : 1704.2000000000016,
    "pct3ResTime" : 4665.48,
    "throughput" : 186.47917432111961,
    "receivedKBytesPerSec" : 55.50700486823207,
    "sentKBytesPerSec" : 42.43129650080163
  },
  "Total" : {
    "transaction" : "Total",
    "sampleCount" : 21911,
    "errorCount" : 0,
    "errorPct" : 0.0,
    "meanResTime" : 203.09912829172552,
    "medianResTime" : 34.0,
    "minResTime" : 0.0,
    "maxResTime" : 12440.0,
    "pct1ResTime" : 206.90000000000146,
    "pct2ResTime" : 1158.7500000000036,
    "pct3ResTime" : 4146.960000000006,
    "throughput" : 734.898541002851,
    "receivedKBytesPerSec" : 198.36164158141875,
    "sentKBytesPerSec" : 157.407233932165
  },
  "Update" : {
    "transaction" : "Update",
    "sampleCount" : 5439,
    "errorCount" : 0,
    "errorPct" : 0.0,
    "meanResTime" : 185.60525831954428,
    "medianResTime" : 30.0,
    "minResTime" : 0.0,
    "maxResTime" : 12212.0,
    "pct1ResTime" : 190.0,
    "pct2ResTime" : 851.0,
    "pct3ResTime" : 3861.800000000052,
    "throughput" : 188.10956630006226,
    "receivedKBytesPerSec" : 55.9913396192156,
    "sentKBytesPerSec" : 43.867090228781905
  },
  "HTTP Request - List Read" : {
    "transaction" : "HTTP Request - List Read",
    "sampleCount" : 10889,
    "errorCount" : 0,
    "errorPct" : 0.0,
    "meanResTime" : 170.61474882909405,
    "medianResTime" : 29.0,
    "minResTime" : 0.0,
    "maxResTime" : 12440.0,
    "pct1ResTime" : 185.0,
    "pct2ResTime" : 855.0,
    "pct3ResTime" : 3452.5000000000164,
    "throughput" : 375.15934539190357,
    "receivedKBytesPerSec" : 90.7284937553833,
    "sentKBytesPerSec" : 74.22473891042205
  },
  "HTTP Request - List Update" : {
    "transaction" : "HTTP Request - List Update",
    "sampleCount" : 5439,
    "errorCount" : 0,
    "errorPct" : 0.0,
    "meanResTime" : 185.6048906048908,
    "medianResTime" : 30.0,
    "minResTime" : 0.0,
    "maxResTime" : 12212.0,
    "pct1ResTime" : 190.0,
    "pct2ResTime" : 851.0,
    "pct3ResTime" : 3861.800000000052,
    "throughput" : 188.10956630006226,
    "receivedKBytesPerSec" : 55.9913396192156,
    "sentKBytesPerSec" : 43.867090228781905
  }
}