{
  "" : {
    "transaction" : "",
    "sampleCount" : 124,
    "errorCount" : 1,
    "errorPct" : 0.8064516,
    "meanResTime" : 4370.161290322581,
    "medianResTime" : 2356.0,
    "minResTime" : 1070.0,
    "maxResTime" : 26571.0,
    "pct1ResTime" : 10851.5,
    "pct2ResTime" : 15984.5,
    "pct3ResTime" : 25122.5,
    "throughput" : 3.4980816971338298,
    "receivedKBytesPerSec" : 21.279354177245544,
    "sentKBytesPerSec" : 7.047404825378019
  },
  "-16" : {
    "transaction" : "-16",
    "sampleCount" : 316,
    "errorCount" : 0,
    "errorPct" : 0.0,
    "meanResTime" : 1947.4683544303798,
    "medianResTime" : 676.0,
    "minResTime" : 256.0,
    "maxResTime" : 19273.0,
    "pct1ResTime" : 4631.800000000001,
    "pct2ResTime" : 11547.149999999989,
    "pct3ResTime" : 17204.559999999932,
    "throughput" : 8.514307269493992,
    "receivedKBytesPerSec" : 11.946274274869323,
    "sentKBytesPerSec" : 2.810386579188447
  },
  "-17" : {
    "transaction" : "-17",
    "sampleCount" : 246,
    "errorCount" : 1,
    "errorPct" : 0.40650406,
    "meanResTime" : 1853.8983739837395,
    "medianResTime" : 526.0,
    "minResTime" : 220.0,
    "maxResTime" : 19881.0,
    "pct1ResTime" : 4690.9000000000015,
    "pct2ResTime" : 9888.499999999998,
    "pct3ResTime" : 17167.380000000005,
    "throughput" : 5.454787351989001,
    "receivedKBytesPerSec" : 8.09510936599184,
    "sentKBytesPerSec" : 2.7540283798616345
  },
  "-18" : {
    "transaction" : "-18",
    "sampleCount" : 174,
    "errorCount" : 0,
    "errorPct" : 0.0,
    "meanResTime" : 1665.7758620689658,
    "medianResTime" : 440.0,
    "minResTime" : 232.0,
    "maxResTime" : 19054.0,
    "pct1ResTime" : 4662.0,
    "pct2ResTime" : 9269.5,
    "pct3ResTime" : 16841.5,
    "throughput" : 4.191559067257661,
    "receivedKBytesPerSec" : 7.085277111136539,
    "sentKBytesPerSec" : 2.3536586559308152
  },
  "-19" : {
    "transaction" : "-19",
    "sampleCount" : 124,
    "errorCount" : 0,
    "errorPct" : 0.0,
    "meanResTime" : 1394.2903225806451,
    "medianResTime" : 439.0,
    "minResTime" : 229.0,
    "maxResTime" : 15275.0,
    "pct1ResTime" : 4267.5,
    "pct2ResTime" : 8559.5,
    "pct3ResTime" : 14173.25,
    "throughput" : 3.720260418229276,
    "receivedKBytesPerSec" : 5.586133216825178,
    "sentKBytesPerSec" : 2.299731293690558
  },
  "Total" : {
    "transaction" : "Total",
    "sampleCount" : 860,
    "errorCount" : 1,
    "errorPct" : 0.11627907,
    "meanResTime" : 1783.948837209303,
    "medianResTime" : 520.0,
    "minResTime" : 220.0,
    "maxResTime" : 19881.0,
    "pct1ResTime" : 4587.5,
    "pct2ResTime" : 10626.84999999998,
    "pct3ResTime" : 15092.609999999995,
    "throughput" : 18.57852667962843,
    "receivedKBytesPerSec" : 27.84106060299201,
    "sentKBytesPerSec" : 8.703030487146252
  }
}