{
  "" : {
    "transaction" : "",
    "sampleCount" : 232,
    "errorCount" : 0,
    "errorPct" : 0.0,
    "meanResTime" : 6951.637931034481,
    "medianResTime" : 6179.0,
    "minResTime" : 1005.0,
    "maxResTime" : 27812.0,
    "pct1ResTime" : 12567.500000000007,
    "pct2ResTime" : 17310.55,
    "pct3ResTime" : 19209.91999999999,
    "throughput" : 7.658029377785113,
    "receivedKBytesPerSec" : 46.650127908895854,
    "sentKBytesPerSec" : 15.428236920283874
  },
  "-16" : {
    "transaction" : "-16",
    "sampleCount" : 685,
    "errorCount" : 0,
    "errorPct" : 0.0,
    "meanResTime" : 4747.185401459855,
    "medianResTime" : 2045.0,
    "minResTime" : 262.0,
    "maxResTime" : 19566.0,
    "pct1ResTime" : 16048.0,
    "pct2ResTime" : 17311.6,
    "pct3ResTime" : 18294.079999999998,
    "throughput" : 22.895915502373153,
    "receivedKBytesPerSec" : 32.05225794254295,
    "sentKBytesPerSec" : 7.557440859181764
  },
  "-17" : {
    "transaction" : "-17",
    "sampleCount" : 509,
    "errorCount" : 0,
    "errorPct" : 0.0,
    "meanResTime" : 3870.0412573673893,
    "medianResTime" : 1761.0,
    "minResTime" : 228.0,
    "maxResTime" : 19085.0,
    "pct1ResTime" : 12007.0,
    "pct2ResTime" : 15504.5,
    "pct3ResTime" : 17758.999999999996,
    "throughput" : 17.704963650909598,
    "receivedKBytesPerSec" : 26.375305988903964,
    "sentKBytesPerSec" : 8.938931843281505
  },
  "-18" : {
    "transaction" : "-18",
    "sampleCount" : 348,
    "errorCount" : 0,
    "errorPct" : 0.0,
    "meanResTime" : 3473.6235632183902,
    "medianResTime" : 755.5,
    "minResTime" : 232.0,
    "maxResTime" : 21123.0,
    "pct1ResTime" : 12466.4,
    "pct2ResTime" : 14128.85,
    "pct3ResTime" : 17499.899999999994,
    "throughput" : 12.379055207740468,
    "receivedKBytesPerSec" : 21.087976498025757,
    "sentKBytesPerSec" : 6.9511296332527035
  },
  "-19" : {
    "transaction" : "-19",
    "sampleCount" : 232,
    "errorCount" : 0,
    "errorPct" : 0.0,
    "meanResTime" : 2313.318965517241,
    "medianResTime" : 429.0,
    "minResTime" : 231.0,
    "maxResTime" : 24368.0,
    "pct1ResTime" : 7158.200000000007,
    "pct2ResTime" : 12389.35,
    "pct3ResTime" : 16263.989999999972,
    "throughput" : 8.508765495488888,
    "receivedKBytesPerSec" : 12.74233907384655,
    "sentKBytesPerSec" : 5.259813045551236
  },
  "Total" : {
    "transaction" : "Total",
    "sampleCount" : 1774,
    "errorCount" : 0,
    "errorPct" : 0.0,
    "meanResTime" : 3927.3866967305507,
    "medianResTime" : 1562.5,
    "minResTime" : 228.0,
    "maxResTime" : 24368.0,
    "pct1ResTime" : 12648.5,
    "pct2ResTime" : 16085.0,
    "pct3ResTime" : 18081.5,
    "throughput" : 59.23403118635013,
    "receivedKBytesPerSec" : 88.73287714113994,
    "sentKBytesPerSec" : 27.44375725191158
  }
}