{
  "Delete" : {
    "transaction" : "Delete",
    "sampleCount" : 22770,
    "errorCount" : 31,
    "errorPct" : 0.13614404,
    "meanResTime" : 0.9263065436978442,
    "medianResTime" : 1.0,
    "minResTime" : 0.0,
    "maxResTime" : 18.0,
    "pct1ResTime" : 1.0,
    "pct2ResTime" : 2.0,
    "pct3ResTime" : 2.0,
    "throughput" : 74.47553133728879,
    "receivedKBytesPerSec" : 13.743742599873094,
    "sentKBytesPerSec" : 15.726556903909557
  },
  "HTTP Request - Item Create" : {
    "transaction" : "HTTP Request - Item Create",
    "sampleCount" : 22800,
    "errorCount" : 0,
    "errorPct" : 0.0,
    "meanResTime" : 0.8122807017543877,
    "medianResTime" : 1.0,
    "minResTime" : 0.0,
    "maxResTime" : 90.0,
    "pct1ResTime" : 1.0,
    "pct2ResTime" : 1.0,
    "pct3ResTime" : 2.0,
    "throughput" : 74.57145940925012,
    "receivedKBytesPerSec" : 24.019370871791054,
    "sentKBytesPerSec" : 23.365509948789356
  },
  "Create Item" : {
    "transaction" : "Create Item",
    "sampleCount" : 22800,
    "errorCount" : 0,
    "errorPct" : 0.0,
    "meanResTime" : 0.812324561403511,
    "medianResTime" : 1.0,
    "minResTime" : 0.0,
    "maxResTime" : 90.0,
    "pct1ResTime" : 1.0,
    "pct2ResTime" : 1.0,
    "pct3ResTime" : 2.0,
    "throughput" : 74.57194721091105,
    "receivedKBytesPerSec" : 24.019527992076732,
    "sentKBytesPerSec" : 23.365662791909923
  },
  "Delete Item" : {
    "transaction" : "Delete Item",
    "sampleCount" : 22800,
    "errorCount" : 0,
    "errorPct" : 0.0,
    "meanResTime" : 1.0088157894736831,
    "medianResTime" : 1.0,
    "minResTime" : 0.0,
    "maxResTime" : 16.0,
    "pct1ResTime" : 1.0,
    "pct2ResTime" : 2.0,
    "pct3ResTime" : 3.0,
    "throughput" : 74.57243501895383,
    "receivedKBytesPerSec" : 13.909506922480645,
    "sentKBytesPerSec" : 15.936149677793114
  },
  "Update" : {
    "transaction" : "Update",
    "sampleCount" : 22800,
    "errorCount" : 0,
    "errorPct" : 0.0,
    "meanResTime" : 0.8641228070175397,
    "medianResTime" : 1.0,
    "minResTime" : 0.0,
    "maxResTime" : 24.0,
    "pct1ResTime" : 1.0,
    "pct2ResTime" : 1.0,
    "pct3ResTime" : 2.0,
    "throughput" : 74.57341065418544,
    "receivedKBytesPerSec" : 22.250474720676788,
    "sentKBytesPerSec" : 17.4434647229745
  },
  "Read" : {
    "transaction" : "Read",
    "sampleCount" : 22800,
    "errorCount" : 0,
    "errorPct" : 0.0,
    "meanResTime" : 0.7419298245614075,
    "medianResTime" : 1.0,
    "minResTime" : 0.0,
    "maxResTime" : 19.0,
    "pct1ResTime" : 1.0,
    "pct2ResTime" : 1.0,
    "pct3ResTime" : 2.0,
    "throughput" : 74.57267892536845,
    "receivedKBytesPerSec" : 22.27860060524887,
    "sentKBytesPerSec" : 13.751455347768706
  },
  "HTTP Request - List Create" : {
    "transaction" : "HTTP Request - List Create",
    "sampleCount" : 22800,
    "errorCount" : 0,
    "errorPct" : 0.0,
    "meanResTime" : 1.4391228070175428,
    "medianResTime" : 1.0,
    "minResTime" : 0.0,
    "maxResTime" : 136.0,
    "pct1ResTime" : 2.0,
    "pct2ResTime" : 2.0,
    "pct3ResTime" : 3.0,
    "throughput" : 74.53001958047444,
    "receivedKBytesPerSec" : 22.26077725432879,
    "sentKBytesPerSec" : 16.9584907834478
  },
  "Read Item" : {
    "transaction" : "Read Item",
    "sampleCount" : 22800,
    "errorCount" : 0,
    "errorPct" : 0.0,
    "meanResTime" : 0.834517543859645,
    "medianResTime" : 1.0,
    "minResTime" : 0.0,
    "maxResTime" : 29.0,
    "pct1ResTime" : 1.0,
    "pct2ResTime" : 1.0,
    "pct3ResTime" : 2.0,
    "throughput" : 74.57194721091105,
    "receivedKBytesPerSec" : 24.019527992076732,
    "sentKBytesPerSec" : 13.75132041713683
  },
  "Create" : {
    "transaction" : "Create",
    "sampleCount" : 22800,
    "errorCount" : 0,
    "errorPct" : 0.0,
    "meanResTime" : 1.4391666666666634,
    "medianResTime" : 1.0,
    "minResTime" : 0.0,
    "maxResTime" : 136.0,
    "pct1ResTime" : 2.0,
    "pct2ResTime" : 2.0,
    "pct3ResTime" : 3.0,
    "throughput" : 74.49349325474488,
    "receivedKBytesPerSec" : 22.24986749735352,
    "sentKBytesPerSec" : 16.950179617534722
  },
  "HTTP Request - Item Delete" : {
    "transaction" : "HTTP Request - Item Delete",
    "sampleCount" : 22800,
    "errorCount" : 0,
    "errorPct" : 0.0,
    "meanResTime" : 1.0085526315789495,
    "medianResTime" : 1.0,
    "minResTime" : 0.0,
    "maxResTime" : 16.0,
    "pct1ResTime" : 1.0,
    "pct2ResTime" : 2.0,
    "pct3ResTime" : 3.0,
    "throughput" : 74.57243501895383,
    "receivedKBytesPerSec" : 13.909506922480645,
    "sentKBytesPerSec" : 15.936149677793114
  },
  "Total" : {
    "transaction" : "Total",
    "sampleCount" : 182071,
    "errorCount" : 31,
    "errorPct" : 0.017026326,
    "meanResTime" : 0.9553470898715288,
    "medianResTime" : 1.0,
    "minResTime" : 0.0,
    "maxResTime" : 136.0,
    "pct1ResTime" : 1.0,
    "pct2ResTime" : 2.0,
    "pct3ResTime" : 2.0,
    "throughput" : 589.3581414620093,
    "receivedKBytesPerSec" : 163.07271144790423,
    "sentKBytesPerSec" : 134.67859669210117
  },
  "HTTP Request - ItemRead" : {
    "transaction" : "HTTP Request - ItemRead",
    "sampleCount" : 22800,
    "errorCount" : 0,
    "errorPct" : 0.0,
    "meanResTime" : 0.8344736842105297,
    "medianResTime" : 1.0,
    "minResTime" : 0.0,
    "maxResTime" : 29.0,
    "pct1ResTime" : 1.0,
    "pct2ResTime" : 1.0,
    "pct3ResTime" : 2.0,
    "throughput" : 74.57170330928287,
    "receivedKBytesPerSec" : 24.01944943167695,
    "sentKBytesPerSec" : 13.75127544084796
  },
  "Update Item" : {
    "transaction" : "Update Item",
    "sampleCount" : 22800,
    "errorCount" : 0,
    "errorPct" : 0.0,
    "meanResTime" : 1.0037280701754367,
    "medianResTime" : 1.0,
    "minResTime" : 0.0,
    "maxResTime" : 61.0,
    "pct1ResTime" : 1.0,
    "pct2ResTime" : 2.0,
    "pct3ResTime" : 3.0,
    "throughput" : 74.57194721091105,
    "receivedKBytesPerSec" : 22.27838200542936,
    "sentKBytesPerSec" : 19.140308789800322
  },
  "HTTP Request - Item Update" : {
    "transaction" : "HTTP Request - Item Update",
    "sampleCount" : 22800,
    "errorCount" : 0,
    "errorPct" : 0.0,
    "meanResTime" : 1.0035526315789494,
    "medianResTime" : 1.0,
    "minResTime" : 0.0,
    "maxResTime" : 61.0,
    "pct1ResTime" : 1.0,
    "pct2ResTime" : 2.0,
    "pct3ResTime" : 3.0,
    "throughput" : 74.57194721091105,
    "receivedKBytesPerSec" : 22.27838200542936,
    "sentKBytesPerSec" : 19.140308789800322
  },
  "HTTP Request - List Read" : {
    "transaction" : "HTTP Request - List Read",
    "sampleCount" : 45300,
    "errorCount" : 31,
    "errorPct" : 0.068432674,
    "meanResTime" : 0.8389624724061715,
    "medianResTime" : 1.0,
    "minResTime" : 0.0,
    "maxResTime" : 19.0,
    "pct1ResTime" : 1.0,
    "pct2ResTime" : 1.0,
    "pct3ResTime" : 2.0,
    "throughput" : 148.1651076077713,
    "receivedKBytesPerSec" : 36.022399035945575,
    "sentKBytesPerSec" : 29.47799933153987
  },
  "HTTP Request - List Update" : {
    "transaction" : "HTTP Request - List Update",
    "sampleCount" : 22771,
    "errorCount" : 0,
    "errorPct" : 0.0,
    "meanResTime" : 0.8652233103508796,
    "medianResTime" : 1.0,
    "minResTime" : 0.0,
    "maxResTime" : 24.0,
    "pct1ResTime" : 1.0,
    "pct2ResTime" : 1.0,
    "pct3ResTime" : 2.0,
    "throughput" : 74.4785585090551,
    "receivedKBytesPerSec" : 22.250474720676788,
    "sentKBytesPerSec" : 17.4434647229745
  }
}