{
  "Read" : {
    "transaction" : "Read",
    "sampleCount" : 43742,
    "errorCount" : 7073,
    "errorPct" : 16.169813,
    "meanResTime" : 21.776576288235532,
    "medianResTime" : 1.0,
    "minResTime" : 0.0,
    "maxResTime" : 3643.0,
    "pct1ResTime" : 18.0,
    "pct2ResTime" : 63.95000000000073,
    "pct3ResTime" : 299.0,
    "throughput" : 142.179663452006,
    "receivedKBytesPerSec" : 101.47613862553753,
    "sentKBytesPerSec" : 23.685321942456273
  },
  "Delete" : {
    "transaction" : "Delete",
    "sampleCount" : 43595,
    "errorCount" : 7073,
    "errorPct" : 16.224339,
    "meanResTime" : 14.417433191879757,
    "medianResTime" : 1.0,
    "minResTime" : 0.0,
    "maxResTime" : 3587.0,
    "pct1ResTime" : 4.0,
    "pct2ResTime" : 21.0,
    "pct3ResTime" : 92.9900000000016,
    "throughput" : 142.80707041589142,
    "receivedKBytesPerSec" : 49.82544575513804,
    "sentKBytesPerSec" : 28.247020408234295
  },
  "HTTP Request - List Create" : {
    "transaction" : "HTTP Request - List Create",
    "sampleCount" : 43742,
    "errorCount" : 7073,
    "errorPct" : 16.169813,
    "meanResTime" : 21.18840016460152,
    "medianResTime" : 1.0,
    "minResTime" : 0.0,
    "maxResTime" : 3391.0,
    "pct1ResTime" : 10.0,
    "pct2ResTime" : 35.0,
    "pct3ResTime" : 185.0,
    "throughput" : 141.559412429086,
    "receivedKBytesPerSec" : 87.4207261364041,
    "sentKBytesPerSec" : 27.001951070748962
  },
  "Create" : {
    "transaction" : "Create",
    "sampleCount" : 43816,
    "errorCount" : 7073,
    "errorPct" : 16.142506,
    "meanResTime" : 21.152729596494613,
    "medianResTime" : 1.0,
    "minResTime" : 0.0,
    "maxResTime" : 3391.0,
    "pct1ResTime" : 10.0,
    "pct2ResTime" : 35.0,
    "pct3ResTime" : 185.0,
    "throughput" : 141.5007815224833,
    "receivedKBytesPerSec" : 87.23693629259621,
    "sentKBytesPerSec" : 26.945183247040227
  },
  "Total" : {
    "transaction" : "Total",
    "sampleCount" : 174517,
    "errorCount" : 28292,
    "errorPct" : 16.211601,
    "meanResTime" : 18.866832457583225,
    "medianResTime" : 1.0,
    "minResTime" : 0.0,
    "maxResTime" : 4537.0,
    "pct1ResTime" : 5.0,
    "pct2ResTime" : 86.0,
    "pct3ResTime" : 374.9800000000032,
    "throughput" : 564.7781075142152,
    "receivedKBytesPerSec" : 303.1838956932987,
    "sentKBytesPerSec" : 108.78058191963781
  },
  "Update" : {
    "transaction" : "Update",
    "sampleCount" : 43664,
    "errorCount" : 7073,
    "errorPct" : 16.1987,
    "meanResTime" : 17.97123488457309,
    "medianResTime" : 1.0,
    "minResTime" : 0.0,
    "maxResTime" : 4537.0,
    "pct1ResTime" : 12.0,
    "pct2ResTime" : 43.0,
    "pct3ResTime" : 188.9900000000016,
    "throughput" : 142.41403266155467,
    "receivedKBytesPerSec" : 66.01875153906242,
    "sentKBytesPerSec" : 30.527803239125046
  },
  "HTTP Request - List Read" : {
    "transaction" : "HTTP Request - List Read",
    "sampleCount" : 87180,
    "errorCount" : 14146,
    "errorPct" : 16.226198,
    "meanResTime" : 18.135661849048418,
    "medianResTime" : 1.0,
    "minResTime" : 0.0,
    "maxResTime" : 3643.0,
    "pct1ResTime" : 36.0,
    "pct2ResTime" : 92.0,
    "pct3ResTime" : 321.0,
    "throughput" : 283.8518942995194,
    "receivedKBytesPerSec" : 151.17197801963,
    "sentKBytesPerSec" : 51.80145593954717
  },
  "HTTP Request - List Update" : {
    "transaction" : "HTTP Request - List Update",
    "sampleCount" : 43595,
    "errorCount" : 7073,
    "errorPct" : 16.224339,
    "meanResTime" : 17.99961004702365,
    "medianResTime" : 1.0,
    "minResTime" : 0.0,
    "maxResTime" : 4537.0,
    "pct1ResTime" : 12.0,
    "pct2ResTime" : 43.0,
    "pct3ResTime" : 188.9900000000016,
    "throughput" : 142.44683770961038,
    "receivedKBytesPerSec" : 66.13847421653423,
    "sentKBytesPerSec" : 30.583164333600728
  }
}