{
  "-14" : {
    "transaction" : "-14",
    "sampleCount" : 2050,
    "errorCount" : 0,
    "errorPct" : 0.0,
    "meanResTime" : 930.6912195121955,
    "medianResTime" : 420.5,
    "minResTime" : 227.0,
    "maxResTime" : 13761.0,
    "pct1ResTime" : 2187.9,
    "pct2ResTime" : 4384.949999999994,
    "pct3ResTime" : 8741.810000000001,
    "throughput" : 23.33230898806069,
    "receivedKBytesPerSec" : 39.5621684215693,
    "sentKBytesPerSec" : 13.101638347787983
  },
  "" : {
    "transaction" : "",
    "sampleCount" : 2027,
    "errorCount" : 0,
    "errorPct" : 0.0,
    "meanResTime" : 3660.57079427726,
    "medianResTime" : 2262.0,
    "minResTime" : 1042.0,
    "maxResTime" : 24421.0,
    "pct1ResTime" : 7987.8,
    "pct2ResTime" : 10313.8,
    "pct3ResTime" : 14377.880000000001,
    "throughput" : 22.666785945921767,
    "receivedKBytesPerSec" : 137.77797948862747,
    "sentKBytesPerSec" : 45.66560488909825
  },
  "-15" : {
    "transaction" : "-15",
    "sampleCount" : 2027,
    "errorCount" : 0,
    "errorPct" : 0.0,
    "meanResTime" : 903.8603848051322,
    "medianResTime" : 424.0,
    "minResTime" : 225.0,
    "maxResTime" : 12315.0,
    "pct1ResTime" : 1919.2,
    "pct2ResTime" : 3925.7999999999993,
    "pct3ResTime" : 9455.040000000003,
    "throughput" : 23.309031531013545,
    "receivedKBytesPerSec" : 34.861749510562085,
    "sentKBytesPerSec" : 14.408805624151928
  },
  "Total" : {
    "transaction" : "Total",
    "sampleCount" : 8236,
    "errorCount" : 0,
    "errorPct" : 0.0,
    "meanResTime" : 921.262870325402,
    "medianResTime" : 433.0,
    "minResTime" : 219.0,
    "maxResTime" : 13761.0,
    "pct1ResTime" : 2095.9000000000005,
    "pct2ResTime" : 3989.749999999998,
    "pct3ResTime" : 8621.350000000006,
    "throughput" : 91.68633388253106,
    "receivedKBytesPerSec" : 139.27553517207886,
    "sentKBytesPerSec" : 46.064792749755085
  },
  "-12" : {
    "transaction" : "-12",
    "sampleCount" : 2094,
    "errorCount" : 0,
    "errorPct" : 0.0,
    "meanResTime" : 960.4708691499536,
    "medianResTime" : 461.5,
    "minResTime" : 254.0,
    "maxResTime" : 12867.0,
    "pct1ResTime" : 2234.0,
    "pct2ResTime" : 4025.25,
    "pct3ResTime" : 8256.850000000013,
    "throughput" : 23.329136911061845,
    "receivedKBytesPerSec" : 32.67011133632839,
    "sentKBytesPerSec" : 7.700437769471585
  },
  "-13" : {
    "transaction" : "-13",
    "sampleCount" : 2065,
    "errorCount" : 0,
    "errorPct" : 0.0,
    "meanResTime" : 889.2266343825686,
    "medianResTime" : 420.0,
    "minResTime" : 219.0,
    "maxResTime" : 12871.0,
    "pct1ResTime" : 2089.6000000000026,
    "pct2ResTime" : 3744.299999999993,
    "pct3ResTime" : 8286.419999999987,
    "throughput" : 23.262363411062296,
    "receivedKBytesPerSec" : 34.592622613213926,
    "sentKBytesPerSec" : 11.744767464374226
  }
}