{
  "Read" : {
    "transaction" : "Read",
    "sampleCount" : 11384,
    "errorCount" : 0,
    "errorPct" : 0.0,
    "meanResTime" : 151.9293745607877,
    "medianResTime" : 2.0,
    "minResTime" : 0.0,
    "maxResTime" : 23234.0,
    "pct1ResTime" : 183.0,
    "pct2ResTime" : 677.75,
    "pct3ResTime" : 3484.199999999997,
    "throughput" : 294.32752469103883,
    "receivedKBytesPerSec" : 87.09885646394592,
    "sentKBytesPerSec" : 54.044495780870264
  },
  "Delete" : {
    "transaction" : "Delete",
    "sampleCount" : 11292,
    "errorCount" : 0,
    "errorPct" : 0.0,
    "meanResTime" : 130.14603258944416,
    "medianResTime" : 2.0,
    "minResTime" : 0.0,
    "maxResTime" : 15450.0,
    "pct1ResTime" : 177.70000000000073,
    "pct2ResTime" : 605.0,
    "pct3ResTime" : 2914.959999999992,
    "throughput" : 297.33003317710256,
    "receivedKBytesPerSec" : 55.45901986018221,
    "sentKBytesPerSec" : 63.305873630786245
  },
  "HTTP Request - List Create" : {
    "transaction" : "HTTP Request - List Create",
    "sampleCount" : 11435,
    "errorCount" : 0,
    "errorPct" : 0.0,
    "meanResTime" : 177.01023174464385,
    "medianResTime" : 2.0,
    "minResTime" : 0.0,
    "maxResTime" : 16860.0,
    "pct1ResTime" : 335.39999999999964,
    "pct2ResTime" : 870.1999999999989,
    "pct3ResTime" : 3594.5599999999977,
    "throughput" : 288.2385561605162,
    "receivedKBytesPerSec" : 85.86040296052633,
    "sentKBytesPerSec" : 65.58553084511747
  },
  "Create" : {
    "transaction" : "Create",
    "sampleCount" : 11435,
    "errorCount" : 0,
    "errorPct" : 0.0,
    "meanResTime" : 177.01075644949682,
    "medianResTime" : 2.0,
    "minResTime" : 0.0,
    "maxResTime" : 16860.0,
    "pct1ResTime" : 335.39999999999964,
    "pct2ResTime" : 870.1999999999989,
    "pct3ResTime" : 3594.5599999999977,
    "throughput" : 287.1672526368659,
    "receivedKBytesPerSec" : 85.54128343169262,
    "sentKBytesPerSec" : 65.34176744569312
  },
  "Total" : {
    "transaction" : "Total",
    "sampleCount" : 45449,
    "errorCount" : 0,
    "errorPct" : 0.0,
    "meanResTime" : 153.64093819445836,
    "medianResTime" : 2.0,
    "minResTime" : 0.0,
    "maxResTime" : 23234.0,
    "pct1ResTime" : 130.0,
    "pct2ResTime" : 402.9500000000007,
    "pct3ResTime" : 1276.9600000000064,
    "throughput" : 1145.5613247970964,
    "receivedKBytesPerSec" : 308.983498717674,
    "sentKBytesPerSec" : 245.57716187711097
  },
  "Update" : {
    "transaction" : "Update",
    "sampleCount" : 11338,
    "errorCount" : 0,
    "errorPct" : 0.0,
    "meanResTime" : 155.19015699417966,
    "medianResTime" : 2.0,
    "minResTime" : 0.0,
    "maxResTime" : 18676.0,
    "pct1ResTime" : 233.0,
    "pct2ResTime" : 736.0499999999993,
    "pct3ResTime" : 3048.4900000000052,
    "throughput" : 294.83045558560434,
    "receivedKBytesPerSec" : 87.82310160475608,
    "sentKBytesPerSec" : 68.82035739709018
  },
  "HTTP Request - List Read" : {
    "transaction" : "HTTP Request - List Read",
    "sampleCount" : 22676,
    "errorCount" : 0,
    "errorPct" : 0.0,
    "meanResTime" : 141.08180455106665,
    "medianResTime" : 2.0,
    "minResTime" : 0.0,
    "maxResTime" : 23234.0,
    "pct1ResTime" : 149.0,
    "pct2ResTime" : 549.9500000000007,
    "pct3ResTime" : 2068.930000000011,
    "throughput" : 586.2612787300603,
    "receivedKBytesPerSec" : 141.55051129973629,
    "sentKBytesPerSec" : 116.20164628254349
  },
  "HTTP Request - List Update" : {
    "transaction" : "HTTP Request - List Update",
    "sampleCount" : 11338,
    "errorCount" : 0,
    "errorPct" : 0.0,
    "meanResTime" : 155.18998059622504,
    "medianResTime" : 2.0,
    "minResTime" : 0.0,
    "maxResTime" : 18676.0,
    "pct1ResTime" : 233.0,
    "pct2ResTime" : 736.0499999999993,
    "pct3ResTime" : 3048.4900000000052,
    "throughput" : 294.8457897747959,
    "receivedKBytesPerSec" : 87.82766930130805,
    "sentKBytesPerSec" : 68.82393675722942
  }
}