{
  "Read List" : {
    "transaction" : "Read List",
    "sampleCount" : 5046,
    "errorCount" : 21,
    "errorPct" : 0.41617122,
    "meanResTime" : 153.0671819262783,
    "medianResTime" : 1.0,
    "minResTime" : 0.0,
    "maxResTime" : 8471.0,
    "pct1ResTime" : 263.3000000000002,
    "pct2ResTime" : 969.2999999999993,
    "pct3ResTime" : 3000.069999999995,
    "throughput" : 127.94766468887875,
    "receivedKBytesPerSec" : 100.5460707312744,
    "sentKBytesPerSec" : 23.487098222209543
  },
  "HTTP Request - Item Create" : {
    "transaction" : "HTTP Request - Item Create",
    "sampleCount" : 5152,
    "errorCount" : 22,
    "errorPct" : 0.42701864,
    "meanResTime" : 166.29231366459612,
    "medianResTime" : 2.0,
    "minResTime" : 0.0,
    "maxResTime" : 9586.0,
    "pct1ResTime" : 386.6999999999998,
    "pct2ResTime" : 1036.7499999999864,
    "pct3ResTime" : 3246.8200000000015,
    "throughput" : 130.53943801150328,
    "receivedKBytesPerSec" : 41.955467740454054,
    "sentKBytesPerSec" : 40.793574378594776
  },
  "Create Item" : {
    "transaction" : "Create Item",
    "sampleCount" : 5152,
    "errorCount" : 22,
    "errorPct" : 0.42701864,
    "meanResTime" : 166.292507763975,
    "medianResTime" : 2.0,
    "minResTime" : 0.0,
    "maxResTime" : 9586.0,
    "pct1ResTime" : 386.6999999999998,
    "pct2ResTime" : 1036.7499999999864,
    "pct3ResTime" : 3246.8200000000015,
    "throughput" : 130.53613053613054,
    "receivedKBytesPerSec" : 41.95440471552903,
    "sentKBytesPerSec" : 40.79254079254079
  },
  "Update List" : {
    "transaction" : "Update List",
    "sampleCount" : 5030,
    "errorCount" : 20,
    "errorPct" : 0.3976143,
    "meanResTime" : 154.30616302186877,
    "medianResTime" : 2.0,
    "minResTime" : 0.0,
    "maxResTime" : 12342.0,
    "pct1ResTime" : 274.90000000000055,
    "pct2ResTime" : 900.3499999999995,
    "pct3ResTime" : 3404.029999999965,
    "throughput" : 127.5872564935065,
    "receivedKBytesPerSec" : 38.51050835151177,
    "sentKBytesPerSec" : 29.775470882267147
  },
  "Delete Item" : {
    "transaction" : "Delete Item",
    "sampleCount" : 5070,
    "errorCount" : 21,
    "errorPct" : 0.41420117,
    "meanResTime" : 167.4506903353055,
    "medianResTime" : 3.0,
    "minResTime" : 0.0,
    "maxResTime" : 10782.0,
    "pct1ResTime" : 372.90000000000055,
    "pct2ResTime" : 944.0,
    "pct3ResTime" : 2990.58,
    "throughput" : 128.51385262730983,
    "receivedKBytesPerSec" : 24.067014104522066,
    "sentKBytesPerSec" : 27.35610215045246
  },
  "Delete List" : {
    "transaction" : "Delete List",
    "sampleCount" : 5008,
    "errorCount" : 301,
    "errorPct" : 6.0103836,
    "meanResTime" : 163.51138178913732,
    "medianResTime" : 2.0,
    "minResTime" : 0.0,
    "maxResTime" : 11405.0,
    "pct1ResTime" : 338.2000000000007,
    "pct2ResTime" : 884.5500000000002,
    "pct3ResTime" : 3257.819999999985,
    "throughput" : 127.0807957775071,
    "receivedKBytesPerSec" : 24.99234768321153,
    "sentKBytesPerSec" : 27.05111331296945
  },
  "HTTP Request - List Create" : {
    "transaction" : "HTTP Request - List Create",
    "sampleCount" : 5178,
    "errorCount" : 0,
    "errorPct" : 0.0,
    "meanResTime" : 252.40266512166923,
    "medianResTime" : 3.0,
    "minResTime" : 1.0,
    "maxResTime" : 13634.0,
    "pct1ResTime" : 629.0,
    "pct2ResTime" : 1400.250000000001,
    "pct3ResTime" : 5193.52,
    "throughput" : 130.7212642952715,
    "receivedKBytesPerSec" : 38.93553282232209,
    "sentKBytesPerSec" : 29.744193926560808
  },
  "Read Item" : {
    "transaction" : "Read Item",
    "sampleCount" : 5125,
    "errorCount" : 21,
    "errorPct" : 0.4097561,
    "meanResTime" : 161.05424390243917,
    "medianResTime" : 2.0,
    "minResTime" : 0.0,
    "maxResTime" : 10890.0,
    "pct1ResTime" : 336.8000000000011,
    "pct2ResTime" : 951.6999999999998,
    "pct3ResTime" : 3459.439999999988,
    "throughput" : 129.86519359416175,
    "receivedKBytesPerSec" : 57.42105344427833,
    "sentKBytesPerSec" : 23.839146714410603
  },
  "Create List" : {
    "transaction" : "Create List",
    "sampleCount" : 5178,
    "errorCount" : 0,
    "errorPct" : 0.0,
    "meanResTime" : 252.40266512166917,
    "medianResTime" : 3.0,
    "minResTime" : 1.0,
    "maxResTime" : 13634.0,
    "pct1ResTime" : 629.0,
    "pct2ResTime" : 1400.250000000001,
    "pct3ResTime" : 5193.52,
    "throughput" : 130.2281129750258,
    "receivedKBytesPerSec" : 38.78864693103795,
    "sentKBytesPerSec" : 29.63198273748145
  },
  "HTTP Request - Item Delete" : {
    "transaction" : "HTTP Request - Item Delete",
    "sampleCount" : 5070,
    "errorCount" : 21,
    "errorPct" : 0.41420117,
    "meanResTime" : 167.45069033530567,
    "medianResTime" : 3.0,
    "minResTime" : 0.0,
    "maxResTime" : 10782.0,
    "pct1ResTime" : 372.90000000000055,
    "pct2ResTime" : 944.0,
    "pct3ResTime" : 2990.58,
    "throughput" : 128.51385262730983,
    "receivedKBytesPerSec" : 24.067014104522066,
    "sentKBytesPerSec" : 27.35610215045246
  },
  "Total" : {
    "transaction" : "Total",
    "sampleCount" : 40703,
    "errorCount" : 427,
    "errorPct" : 1.0490627,
    "meanResTime" : 172.23504409994243,
    "medianResTime" : 2.0,
    "minResTime" : 0.0,
    "maxResTime" : 13634.0,
    "pct1ResTime" : 303.8000000000029,
    "pct2ResTime" : 776.0,
    "pct3ResTime" : 2037.950000000008,
    "throughput" : 1027.4124744427897,
    "receivedKBytesPerSec" : 364.01895315615775,
    "sentKBytesPerSec" : 234.18258142022367
  },
  "HTTP Request - ItemRead" : {
    "transaction" : "HTTP Request - ItemRead",
    "sampleCount" : 5125,
    "errorCount" : 21,
    "errorPct" : 0.4097561,
    "meanResTime" : 161.05424390243917,
    "medianResTime" : 2.0,
    "minResTime" : 0.0,
    "maxResTime" : 10890.0,
    "pct1ResTime" : 336.8000000000011,
    "pct2ResTime" : 951.6999999999998,
    "pct3ResTime" : 3459.439999999988,
    "throughput" : 129.86519359416175,
    "receivedKBytesPerSec" : 57.42105344427833,
    "sentKBytesPerSec" : 23.839146714410603
  },
  "Update Item" : {
    "transaction" : "Update Item",
    "sampleCount" : 5094,
    "errorCount" : 21,
    "errorPct" : 0.4122497,
    "meanResTime" : 158.03435414212868,
    "medianResTime" : 2.0,
    "minResTime" : 0.0,
    "maxResTime" : 13006.0,
    "pct1ResTime" : 314.5,
    "pct2ResTime" : 887.5,
    "pct3ResTime" : 3247.8500000000104,
    "throughput" : 129.08948075314868,
    "receivedKBytesPerSec" : 39.00565491086136,
    "sentKBytesPerSec" : 33.02546244234814
  },
  "HTTP Request - Item Update" : {
    "transaction" : "HTTP Request - Item Update",
    "sampleCount" : 5094,
    "errorCount" : 21,
    "errorPct" : 0.4122497,
    "meanResTime" : 158.03435414212868,
    "medianResTime" : 2.0,
    "minResTime" : 0.0,
    "maxResTime" : 13006.0,
    "pct1ResTime" : 314.5,
    "pct2ResTime" : 887.5,
    "pct3ResTime" : 3247.8500000000104,
    "throughput" : 129.08948075314868,
    "receivedKBytesPerSec" : 39.00565491086136,
    "sentKBytesPerSec" : 33.02546244234814
  },
  "HTTP Request - List Read" : {
    "transaction" : "HTTP Request - List Read",
    "sampleCount" : 10054,
    "errorCount" : 322,
    "errorPct" : 3.2027054,
    "meanResTime" : 158.26924607121512,
    "medianResTime" : 2.0,
    "minResTime" : 0.0,
    "maxResTime" : 11405.0,
    "pct1ResTime" : 304.5,
    "pct2ResTime" : 927.5,
    "pct3ResTime" : 3111.100000000013,
    "throughput" : 254.93179167300573,
    "receivedKBytesPerSec" : 125.51940704396775,
    "sentKBytesPerSec" : 50.51763408704802
  },
  "HTTP Request - List Update" : {
    "transaction" : "HTTP Request - List Update",
    "sampleCount" : 5030,
    "errorCount" : 20,
    "errorPct" : 0.3976143,
    "meanResTime" : 154.3061630218688,
    "medianResTime" : 2.0,
    "minResTime" : 0.0,
    "maxResTime" : 12342.0,
    "pct1ResTime" : 274.90000000000055,
    "pct2ResTime" : 900.3499999999995,
    "pct3ResTime" : 3404.029999999965,
    "throughput" : 127.59049285949826,