{
  "Read" : {
    "transaction" : "Read",
    "sampleCount" : 14323,
    "errorCount" : 0,
    "errorPct" : 0.0,
    "meanResTime" : 87.92522516232657,
    "medianResTime" : 1.0,
    "minResTime" : 0.0,
    "maxResTime" : 12337.0,
    "pct1ResTime" : 189.0,
    "pct2ResTime" : 378.0,
    "pct3ResTime" : 1441.840000000002,
    "throughput" : 311.88485323578084,
    "receivedKBytesPerSec" : 92.35707364341086,
    "sentKBytesPerSec" : 57.33094266478312
  },
  "Delete" : {
    "transaction" : "Delete",
    "sampleCount" : 14080,
    "errorCount" : 0,
    "errorPct" : 0.0,
    "meanResTime" : 73.88551136363678,
    "medianResTime" : 2.0,
    "minResTime" : 0.0,
    "maxResTime" : 10799.0,
    "pct1ResTime" : 169.0,
    "pct2ResTime" : 351.9499999999989,
    "pct3ResTime" : 1225.1900000000005,
    "throughput" : 307.98845043310877,
    "receivedKBytesPerSec" : 57.44706448508181,
    "sentKBytesPerSec" : 65.63892342806676
  },
  "HTTP Request - List Create" : {
    "transaction" : "HTTP Request - List Create",
    "sampleCount" : 14439,
    "errorCount" : 0,
    "errorPct" : 0.0,
    "meanResTime" : 190.377934760025,
    "medianResTime" : 2.0,
    "minResTime" : 0.0,
    "maxResTime" : 13505.0,
    "pct1ResTime" : 375.0,
    "pct2ResTime" : 894.0,
    "pct3ResTime" : 3140.4000000000397,
    "throughput" : 309.94290130082,
    "receivedKBytesPerSec" : 92.38684569935174,
    "sentKBytesPerSec" : 70.52411719051861
  },
  "Create" : {
    "transaction" : "Create",
    "sampleCount" : 14439,
    "errorCount" : 0,
    "errorPct" : 0.0,
    "meanResTime" : 190.37807327377377,
    "medianResTime" : 2.0,
    "minResTime" : 0.0,
    "maxResTime" : 13505.0,
    "pct1ResTime" : 375.0,
    "pct2ResTime" : 894.0,
    "pct3ResTime" : 3140.4000000000397,
    "throughput" : 307.95973211619673,
    "receivedKBytesPerSec" : 91.79570860704688,
    "sentKBytesPerSec" : 70.07286873347054
  },
  "Total" : {
    "transaction" : "Total",
    "sampleCount" : 57053,
    "errorCount" : 0,
    "errorPct" : 0.0,
    "meanResTime" : 110.21027816240907,
    "medianResTime" : 1.0,
    "minResTime" : 0.0,
    "maxResTime" : 13505.0,
    "pct1ResTime" : 9.0,
    "pct2ResTime" : 19.0,
    "pct3ResTime" : 40.0,
    "throughput" : 1224.6812347057057,
    "receivedKBytesPerSec" : 330.7347566865582,
    "sentKBytesPerSec" : 262.72115935447346
  },
  "Update" : {
    "transaction" : "Update",
    "sampleCount" : 14211,
    "errorCount" : 0,
    "errorPct" : 0.0,
    "meanResTime" : 87.20723383294661,
    "medianResTime" : 2.0,
    "minResTime" : 0.0,
    "maxResTime" : 11496.0,
    "pct1ResTime" : 185.0,
    "pct2ResTime" : 389.0,
    "pct3ResTime" : 1470.0399999999936,
    "throughput" : 309.98603961259926,
    "receivedKBytesPerSec" : 92.40074014592967,
    "sentKBytesPerSec" : 72.42117118652386
  },
  "HTTP Request - List Read" : {
    "transaction" : "HTTP Request - List Read",
    "sampleCount" : 28403,
    "errorCount" : 0,
    "errorPct" : 0.0,
    "meanResTime" : 80.96532056472965,
    "medianResTime" : 1.0,
    "minResTime" : 0.0,
    "maxResTime" : 12337.0,
    "pct1ResTime" : 13.0,
    "pct2ResTime" : 26.0,
    "pct3ResTime" : 71.0,
    "throughput" : 618.4783555439421,
    "receivedKBytesPerSec" : 149.5439476090933,
    "sentKBytesPerSec" : 122.67257282412247
  },
  "HTTP Request - List Update" : {
    "transaction" : "HTTP Request - List Update",
    "sampleCount" : 14211,
    "errorCount" : 0,
    "errorPct" : 0.0,
    "meanResTime" : 87.20723383294668,
    "medianResTime" : 2.0,
    "minResTime" : 0.0,
    "maxResTime" : 11496.0,
    "pct1ResTime" : 185.0,
    "pct2ResTime" : 389.0,
    "pct3ResTime" : 1470.0399999999936,
    "throughput" : 309.99280151822524,
    "receivedKBytesPerSec" : 92.40275573697183,
    "sentKBytesPerSec" : 72.42275095161747
  }
}