{
  "Read List" : {
    "transaction" : "Read List",
    "sampleCount" : 10488,
    "errorCount" : 13,
    "errorPct" : 0.12395118,
    "meanResTime" : 74.58914950419529,
    "medianResTime" : 1.0,
    "minResTime" : 0.0,
    "maxResTime" : 8772.0,
    "pct1ResTime" : 191.0,
    "pct2ResTime" : 367.0,
    "pct3ResTime" : 1278.4200000000128,
    "throughput" : 227.3623967569208,
    "receivedKBytesPerSec" : 115.00929289329923,
    "sentKBytesPerSec" : 41.96297255387067
  },
  "HTTP Request - Item Create" : {
    "transaction" : "HTTP Request - Item Create",
    "sampleCount" : 10701,
    "errorCount" : 14,
    "errorPct" : 0.13082889,
    "meanResTime" : 74.12867956265771,
    "medianResTime" : 1.0,
    "minResTime" : 0.0,
    "maxResTime" : 7726.0,
    "pct1ResTime" : 195.0,
    "pct2ResTime" : 376.0,
    "pct3ResTime" : 1156.3199999999852,
    "throughput" : 231.48809137517034,
    "receivedKBytesPerSec" : 74.60893559229456,
    "sentKBytesPerSec" : 72.5660911439743
  },
  "Create Item" : {
    "transaction" : "Create Item",
    "sampleCount" : 10701,
    "errorCount" : 14,
    "errorPct" : 0.13082889,
    "meanResTime" : 74.12895991028867,
    "medianResTime" : 1.0,
    "minResTime" : 0.0,
    "maxResTime" : 7726.0,
    "pct1ResTime" : 195.0,
    "pct2ResTime" : 376.0,
    "pct3ResTime" : 1156.3199999999852,
    "throughput" : 231.48308384528858,
    "receivedKBytesPerSec" : 74.60732165841048,
    "sentKBytesPerSec" : 72.56452140072034
  },
  "Update List" : {
    "transaction" : "Update List",
    "sampleCount" : 10436,
    "errorCount" : 7,
    "errorPct" : 0.067075506,
    "meanResTime" : 71.42286316596372,
    "medianResTime" : 1.0,
    "minResTime" : 0.0,
    "maxResTime" : 11946.0,
    "pct1ResTime" : 190.3000000000011,
    "pct2ResTime" : 370.14999999999964,
    "pct3ResTime" : 1399.599999999984,
    "throughput" : 226.24983740189913,
    "receivedKBytesPerSec" : 67.93979568193645,
    "sentKBytesPerSec" : 53.026564634100076
  },
  "Delete Item" : {
    "transaction" : "Delete Item",
    "sampleCount" : 10542,
    "errorCount" : 13,
    "errorPct" : 0.12331626,
    "meanResTime" : 77.3970783532539,
    "medianResTime" : 2.0,
    "minResTime" : 0.0,
    "maxResTime" : 10790.0,
    "pct1ResTime" : 196.0,
    "pct2ResTime" : 376.0,
    "pct3ResTime" : 1237.3999999999942,
    "throughput" : 228.35481425322212,
    "receivedKBytesPerSec" : 42.644399673724685,
    "sentKBytesPerSec" : 48.83622688319073
  },
  "Delete List" : {
    "transaction" : "Delete List",
    "sampleCount" : 10370,
    "errorCount" : 212,
    "errorPct" : 2.0443587,
    "meanResTime" : 67.3048216007717,
    "medianResTime" : 1.0,
    "minResTime" : 0.0,
    "maxResTime" : 7802.0,
    "pct1ResTime" : 183.89999999999964,
    "pct2ResTime" : 368.0,
    "pct3ResTime" : 1006.9299999999839,
    "throughput" : 224.84334684850717,
    "receivedKBytesPerSec" : 42.71690736052991,
    "sentKBytesPerSec" : 48.085873131274255
  },
  "HTTP Request - List Create" : {
    "transaction" : "HTTP Request - List Create",
    "sampleCount" : 10763,
    "errorCount" : 0,
    "errorPct" : 0.0,
    "meanResTime" : 93.22131376010367,
    "medianResTime" : 2.0,
    "minResTime" : 0.0,
    "maxResTime" : 9513.0,
    "pct1ResTime" : 274.60000000000036,
    "pct2ResTime" : 442.0,
    "pct3ResTime" : 1493.8800000000047,
    "throughput" : 231.80633628394824,
    "receivedKBytesPerSec" : 69.27025283485172,
    "sentKBytesPerSec" : 52.74499643960932
  },
  "Read Item" : {
    "transaction" : "Read Item",
    "sampleCount" : 10651,
    "errorCount" : 14,
    "errorPct" : 0.13144305,
    "meanResTime" : 77.23772415735712,
    "medianResTime" : 1.0,
    "minResTime" : 0.0,
    "maxResTime" : 8912.0,
    "pct1ResTime" : 194.0,
    "pct2ResTime" : 382.0,
    "pct3ResTime" : 1327.4799999999996,
    "throughput" : 230.65595426294473,
    "receivedKBytesPerSec" : 79.53347310349308,
    "sentKBytesPerSec" : 42.570761181161615
  },
  "Create List" : {
    "transaction" : "Create List",
    "sampleCount" : 10763,
    "errorCount" : 0,
    "errorPct" : 0.0,
    "meanResTime" : 93.22140667100271,
    "medianResTime" : 2.0,
    "minResTime" : 0.0,
    "maxResTime" : 9513.0,
    "pct1ResTime" : 274.60000000000036,
    "pct2ResTime" : 442.0,
    "pct3ResTime" : 1493.8800000000047,
    "throughput" : 229.58128026279303,
    "receivedKBytesPerSec" : 68.60534351602995,
    "sentKBytesPerSec" : 52.23870927854568
  },
  "HTTP Request - Item Delete" : {
    "transaction" : "HTTP Request - Item Delete",
    "sampleCount" : 10542,
    "errorCount" : 13,
    "errorPct" : 0.12331626,
    "meanResTime" : 77.3970783532539,
    "medianResTime" : 2.0,
    "minResTime" : 0.0,
    "maxResTime" : 10790.0,
    "pct1ResTime" : 196.0,
    "pct2ResTime" : 376.0,
    "pct3ResTime" : 1237.3999999999942,
    "throughput" : 228.35976085261242,
    "receivedKBytesPerSec" : 42.645323432490684,
    "sentKBytesPerSec" : 48.83728476870505
  },
  "Total" : {
    "transaction" : "Total",
    "sampleCount" : 84544,
    "errorCount" : 286,
    "errorPct" : 0.3382854,
    "meanResTime" : 76.72536194171036,
    "medianResTime" : 1.0,
    "minResTime" : 0.0,
    "maxResTime" : 11946.0,
    "pct1ResTime" : 9.0,
    "pct2ResTime" : 17.0,
    "pct3ResTime" : 38.0,
    "throughput" : 1820.734806391868,
    "receivedKBytesPerSec" : 557.7588325970733,
    "sentKBytesPerSec" : 416.58723184385366
  },
  "HTTP Request - ItemRead" : {
    "transaction" : "HTTP Request - ItemRead",
    "sampleCount" : 10651,
    "errorCount" : 14,
    "errorPct" : 0.13144305,
    "meanResTime" : 77.23763026945862,
    "medianResTime" : 1.0,
    "minResTime" : 0.0,
    "maxResTime" : 8912.0,
    "pct1ResTime" : 194.0,
    "pct2ResTime" : 382.0,
    "pct3ResTime" : 1327.4799999999996,
    "throughput" : 230.65595426294473,
    "receivedKBytesPerSec" : 79.53347310349308,
    "sentKBytesPerSec" : 42.570761181161615
  },
  "Update Item" : {
    "transaction" : "Update Item",
    "sampleCount" : 10593,
    "errorCount" : 13,
    "errorPct" : 0.12272255,
    "meanResTime" : 77.96573208722762,
    "medianResTime" : 1.0,
    "minResTime" : 0.0,
    "maxResTime" : 8797.0,
    "pct1ResTime" : 194.0,
    "pct2ResTime" : 375.59999999999854,
    "pct3ResTime" : 1362.119999999999,
    "throughput" : 229.4346978557505,
    "receivedKBytesPerSec" : 68.94611625514403,
    "sentKBytesPerSec" : 58.92570087448559
  },
  "HTTP Request - Item Update" : {
    "transaction" : "HTTP Request - Item Update",
    "sampleCount" : 10593,
    "errorCount" : 13,
    "errorPct" : 0.12272255,
    "meanResTime" : 77.96554328329968,
    "medianResTime" : 1.0,
    "minResTime" : 0.0,
    "maxResTime" : 8797.0,
    "pct1ResTime" : 194.0,
    "pct2ResTime" : 375.59999999999854,
    "pct3ResTime" : 1362.119999999999,
    "throughput" : 229.4346978557505,
    "receivedKBytesPerSec" : 68.94611625514403,
    "sentKBytesPerSec" : 58.92570087448559
  },
  "HTTP Request - List Read" : {
    "transaction" : "HTTP Request - List Read",
    "sampleCount" : 20858,
    "errorCount" : 225,
    "errorPct" : 1.0787228,
    "meanResTime" : 70.96754242976313,
    "medianResTime" : 1.0,
    "minResTime" : 0.0,
    "maxResTime" : 8772.0,
    "pct1ResTime" : 195.0,
    "pct2ResTime" : 376.0,
    "pct3ResTime" : 1185.9700000000048,
    "throughput" : 452.1569477563408,
    "receivedKBytesPerSec" : 157.7153729947973,
    "sentKBytesPerSec" : 90.03855442499457
  },
  "HTTP Request - List Update" : {
    "transaction" : "HTTP Request - List Update",
    "sampleCount" : 10436,
    "errorCount" : 7,
    "errorPct" : 0.067075506,
    "meanResTime" : 71.42286316596369,
    "medianResTime" : 1.0,
    "minResTime" : 0.0,
    "maxResTime" : 11946.0,
    "pct1ResTime" : 190.3000000000011,
    "pct2ResTime" : 370.14999999999964,
    "pct3ResTime" : 1399.599999999984,
    "throughput" : 226.25474254742548,
    "receivedKBytesPerSec" : 67.94126863143632,
    "sentKBytesPerSec" : 53.027714261517616
  }
}