{
  "-14" : {
    "transaction" : "-14",
    "sampleCount" : 1306,
    "errorCount" : 0,
    "errorPct" : 0.0,
    "meanResTime" : 1526.8246554364468,
    "medianResTime" : 337.5,
    "minResTime" : 226.0,
    "maxResTime" : 35003.0,
    "pct1ResTime" : 2172.5,
    "pct2ResTime" : 9298.049999999992,
    "pct3ResTime" : 26846.66000000002,
    "throughput" : 12.975142567607845,
    "receivedKBytesPerSec" : 22.04025128782761,
    "sentKBytesPerSec" : 7.285846656615734
  },
  "" : {
    "transaction" : "",
    "sampleCount" : 1283,
    "errorCount" : 0,
    "errorPct" : 0.0,
    "meanResTime" : 5428.833982852696,
    "medianResTime" : 2250.0,
    "minResTime" : 954.0,
    "maxResTime" : 55903.0,
    "pct1ResTime" : 14466.800000000025,
    "pct2ResTime" : 25803.799999999996,
    "pct3ResTime" : 40662.76000000001,
    "throughput" : 12.541544477028348,
    "receivedKBytesPerSec" : 76.286045943304,
    "sentKBytesPerSec" : 25.266802984481917
  },
  "-15" : {
    "transaction" : "-15",
    "sampleCount" : 1283,
    "errorCount" : 0,
    "errorPct" : 0.0,
    "meanResTime" : 1709.3351519875307,
    "medianResTime" : 347.0,
    "minResTime" : 227.0,
    "maxResTime" : 34906.0,
    "pct1ResTime" : 2630.4000000000115,
    "pct2ResTime" : 10982.599999999993,
    "pct3ResTime" : 27939.800000000025,
    "throughput" : 12.702467229020632,
    "receivedKBytesPerSec" : 19.02481120797196,
    "sentKBytesPerSec" : 7.852208746064512
  },
  "Total" : {
    "transaction" : "Total",
    "sampleCount" : 5274,
    "errorCount" : 0,
    "errorPct" : 0.0,
    "meanResTime" : 1531.8505877891516,
    "medianResTime" : 350.0,
    "minResTime" : 222.0,
    "maxResTime" : 35003.0,
    "pct1ResTime" : 2235.5,
    "pct2ResTime" : 9050.5,
    "pct3ResTime" : 26516.5,
    "throughput" : 51.59964778397417,
    "receivedKBytesPerSec" : 78.38863652345661,
    "sentKBytesPerSec" : 25.881801254769595
  },
  "-12" : {
    "transaction" : "-12",
    "sampleCount" : 1354,
    "errorCount" : 0,
    "errorPct" : 0.0,
    "meanResTime" : 1468.6853766617437,
    "medianResTime" : 372.5,
    "minResTime" : 255.0,
    "maxResTime" : 33362.0,
    "pct1ResTime" : 2059.5,
    "pct2ResTime" : 8057.75,
    "pct3ResTime" : 24642.15000000003,
    "throughput" : 13.395065392453652,
    "receivedKBytesPerSec" : 18.757029410528087,
    "sentKBytesPerSec" : 4.421418068993491
  },
  "-13" : {
    "transaction" : "-13",
    "sampleCount" : 1331,
    "errorCount" : 0,
    "errorPct" : 0.0,
    "meanResTime" : 1429.954921111947,
    "medianResTime" : 338.0,
    "minResTime" : 222.0,
    "maxResTime" : 31458.0,
    "pct1ResTime" : 2200.9999999999995,
    "pct2ResTime" : 7016.799999999963,
    "pct3ResTime" : 25908.0,
    "throughput" : 13.356346522432842,
    "receivedKBytesPerSec" : 19.829638925195425,
    "sentKBytesPerSec" : 6.7433897969704875
  }
}