{
  "-14" : {
    "transaction" : "-14",
    "sampleCount" : 3333,
    "errorCount" : 0,
    "errorPct" : 0.0,
    "meanResTime" : 1793.0885088508828,
    "medianResTime" : 365.0,
    "minResTime" : 222.0,
    "maxResTime" : 26855.0,
    "pct1ResTime" : 5158.399999999999,
    "pct2ResTime" : 9362.599999999999,
    "pct3ResTime" : 20446.66,
    "throughput" : 37.678472512689495,
    "receivedKBytesPerSec" : 63.923803594744456,
    "sentKBytesPerSec" : 21.15734540507467
  },
  "" : {
    "transaction" : "",
    "sampleCount" : 3252,
    "errorCount" : 1,
    "errorPct" : 0.030750308,
    "meanResTime" : 6584.830258302579,
    "medianResTime" : 3554.0,
    "minResTime" : 944.0,
    "maxResTime" : 45989.0,
    "pct1ResTime" : 17239.000000000004,
    "pct2ResTime" : 23491.749999999993,
    "pct3ResTime" : 34265.039999999935,
    "throughput" : 36.23075380467479,
    "receivedKBytesPerSec" : 220.20032989747432,
    "sentKBytesPerSec" : 72.99223154203526
  },
  "-15" : {
    "transaction" : "-15",
    "sampleCount" : 3252,
    "errorCount" : 0,
    "errorPct" : 0.0,
    "meanResTime" : 1820.0722632226298,
    "medianResTime" : 362.0,
    "minResTime" : 221.0,
    "maxResTime" : 27788.0,
    "pct1ResTime" : 5491.0000000000055,
    "pct2ResTime" : 9994.899999999983,
    "pct3ResTime" : 20463.35,
    "throughput" : 36.87660172816547,
    "receivedKBytesPerSec" : 55.199113946658194,
    "sentKBytesPerSec" : 22.795789935477284
  },
  "Total" : {
    "transaction" : "Total",
    "sampleCount" : 13456,
    "errorCount" : 1,
    "errorPct" : 0.007431629,
    "meanResTime" : 1711.1589625445852,
    "medianResTime" : 365.0,
    "minResTime" : 217.0,
    "maxResTime" : 27788.0,
    "pct1ResTime" : 5030.600000000002,
    "pct2ResTime" : 9006.3,
    "pct3ResTime" : 19775.220000000016,
    "throughput" : 149.6541139310897,
    "receivedKBytesPerSec" : 227.17880071512778,
    "sentKBytesPerSec" : 74.99672864487177
  },
  "-12" : {
    "transaction" : "-12",
    "sampleCount" : 3476,
    "errorCount" : 0,
    "errorPct" : 0.0,
    "meanResTime" : 1623.6530494821652,
    "medianResTime" : 378.0,
    "minResTime" : 251.0,
    "maxResTime" : 25654.0,
    "pct1ResTime" : 4710.0,
    "pct2ResTime" : 8456.299999999992,
    "pct3ResTime" : 18739.33,
    "throughput" : 38.65916320039148,
    "receivedKBytesPerSec" : 54.1393090724192,
    "sentKBytesPerSec" : 12.76054410325422
  },
  "-13" : {
    "transaction" : "-13",
    "sampleCount" : 3395,
    "errorCount" : 1,
    "errorPct" : 0.02945508,
    "meanResTime" : 1615.9935198821784,
    "medianResTime" : 351.0,
    "minResTime" : 217.0,
    "maxResTime" : 24948.0,
    "pct1ResTime" : 4847.000000000004,
    "pct2ResTime" : 8377.599999999999,
    "pct3ResTime" : 18749.519999999997,
    "throughput" : 38.1567856139365,
    "receivedKBytesPerSec" : 56.60295641331835,
    "sentKBytesPerSec" : 19.2647052367238
  }
}