{
  "" : {
    "transaction" : "",
    "sampleCount" : 692,
    "errorCount" : 0,
    "errorPct" : 0.0,
    "meanResTime" : 9906.263005780342,
    "medianResTime" : 5376.0,
    "minResTime" : 1039.0,
    "maxResTime" : 63194.0,
    "pct1ResTime" : 27095.70000000004,
    "pct2ResTime" : 42174.850000000006,
    "pct3ResTime" : 53085.11000000001,
    "throughput" : 10.007085942358028,
    "receivedKBytesPerSec" : 93.42235142568438,
    "sentKBytesPerSec" : 31.066920127691574
  },
  "Total" : {
    "transaction" : "Total",
    "sampleCount" : 5756,
    "errorCount" : 0,
    "errorPct" : 0.0,
    "meanResTime" : 3257.8240097289736,
    "medianResTime" : 275.0,
    "minResTime" : 6.0,
    "maxResTime" : 50891.0,
    "pct1ResTime" : 7841.600000000008,
    "pct2ResTime" : 27221.99999999994,
    "pct3ResTime" : 44059.78000000001,
    "throughput" : 81.96277784897546,
    "receivedKBytesPerSec" : 111.17826221129337,
    "sentKBytesPerSec" : 36.087479597412674
  },
  "-5" : {
    "transaction" : "-5",
    "sampleCount" : 1166,
    "errorCount" : 0,
    "errorPct" : 0.0,
    "meanResTime" : 5048.6963979416805,
    "medianResTime" : 443.0,
    "minResTime" : 253.0,
    "maxResTime" : 46896.0,
    "pct1ResTime" : 15770.899999999949,
    "pct2ResTime" : 38818.95,
    "pct3ResTime" : 45172.19999999997,
    "throughput" : 16.60330072479246,
    "receivedKBytesPerSec" : 23.24448751904538,
    "sentKBytesPerSec" : 5.480386372050636
  },
  "-6" : {
    "transaction" : "-6",
    "sampleCount" : 978,
    "errorCount" : 0,
    "errorPct" : 0.0,
    "meanResTime" : 4714.878323108384,
    "medianResTime" : 383.0,
    "minResTime" : 219.0,
    "maxResTime" : 48385.0,
    "pct1ResTime" : 12944.400000000001,
    "pct2ResTime" : 36773.19999999997,
    "pct3ResTime" : 45451.08000000001,
    "throughput" : 14.224626930796752,
    "receivedKBytesPerSec" : 21.102934124741832,
    "sentKBytesPerSec" : 7.181769651583907
  },
  "-7" : {
    "transaction" : "-7",
    "sampleCount" : 843,
    "errorCount" : 0,
    "errorPct" : 0.0,
    "meanResTime" : 5142.519572953737,
    "medianResTime" : 387.0,
    "minResTime" : 224.0,
    "maxResTime" : 48660.0,
    "pct1ResTime" : 16840.80000000006,
    "pct2ResTime" : 36449.799999999974,
    "pct3ResTime" : 45907.31999999999,
    "throughput" : 12.399246925928104,
    "receivedKBytesPerSec" : 21.027737086875625,
    "sentKBytesPerSec" : 6.962467756258458
  },
  "-8" : {
    "transaction" : "-8",
    "sampleCount" : 692,
    "errorCount" : 0,
    "errorPct" : 0.0,
    "meanResTime" : 10.658959537572247,
    "medianResTime" : 8.0,
    "minResTime" : 6.0,
    "maxResTime" : 247.0,
    "pct1ResTime" : 15.0,
    "pct2ResTime" : 21.0,
    "pct3ResTime" : 35.1400000000001,
    "throughput" : 24.85810762267404,
    "receivedKBytesPerSec" : 27.091453229398663,
    "sentKBytesPerSec" : 9.030484409799554
  },
  "-9" : {
    "transaction" : "-9",
    "sampleCount" : 693,
    "errorCount" : 0,
    "errorPct" : 0.0,
    "meanResTime" : 40.97402597402595,
    "medianResTime" : 35.0,
    "minResTime" : 28.0,
    "maxResTime" : 1036.0,
    "pct1ResTime" : 56.0,
    "pct2ResTime" : 68.0,
    "pct3ResTime" : 85.05999999999995,
    "throughput" : 24.77211796246649,
    "receivedKBytesPerSec" : 26.997737935656836,
    "sentKBytesPerSec" : 8.999245978552278
  },
  "-10" : {
    "transaction" : "-10",
    "sampleCount" : 692,
    "errorCount" : 0,
    "errorPct" : 0.0,
    "meanResTime" : 10.027456647398836,
    "medianResTime" : 8.0,
    "minResTime" : 6.0,
    "maxResTime" : 57.0,
    "pct1ResTime" : 14.0,
    "pct2ResTime" : 20.0,
    "pct3ResTime" : 37.1400000000001,
    "throughput" : 24.85007361654756,
    "receivedKBytesPerSec" : 27.082697418034257,
    "sentKBytesPerSec" : 9.027565806011419
  },
  "-11" : {
    "transaction" : "-11",
    "sampleCount" : 692,
    "errorCount" : 0,
    "errorPct" : 0.0,
    "meanResTime" : 5601.517341040462,
    "medianResTime" : 437.0,
    "minResTime" : 225.0,
    "maxResTime" : 50891.0,
    "pct1ResTime" : 20763.100000000006,
    "pct2ResTime" : 39388.15,
    "pct3ResTime" : 44438.68000000002,
    "throughput" : 10.255194285544919,
    "receivedKBytesPerSec" : 15.281644457267555,
    "sentKBytesPerSec" : 6.339392561279232
  }
}