{
  "" : {
    "transaction" : "",
    "sampleCount" : 414,
    "errorCount" : 0,
    "errorPct" : 0.0,
    "meanResTime" : 3266.763285024153,
    "medianResTime" : 2163.0,
    "minResTime" : 1111.0,
    "maxResTime" : 11703.0,
    "pct1ResTime" : 6711.0,
    "pct2ResTime" : 7833.25,
    "pct3ResTime" : 10617.900000000014,
    "throughput" : 13.13201801687496,
    "receivedKBytesPerSec" : 122.7223041100996,
    "sentKBytesPerSec" : 40.768247339497556
  },
  "Total" : {
    "transaction" : "Total",
    "sampleCount" : 3054,
    "errorCount" : 0,
    "errorPct" : 0.0,
    "meanResTime" : 510.9718402095618,
    "medianResTime" : 288.5,
    "minResTime" : 6.0,
    "maxResTime" : 6972.0,
    "pct1ResTime" : 1142.0,
    "pct2ResTime" : 2643.25,
    "pct3ResTime" : 5220.399999999994,
    "throughput" : 93.70972691009511,
    "receivedKBytesPerSec" : 125.71310937020557,
    "sentKBytesPerSec" : 41.442687557532984
  },
  "-5" : {
    "transaction" : "-5",
    "sampleCount" : 497,
    "errorCount" : 0,
    "errorPct" : 0.0,
    "meanResTime" : 831.7766599597587,
    "medianResTime" : 411.0,
    "minResTime" : 262.0,
    "maxResTime" : 6033.0,
    "pct1ResTime" : 2029.5999999999995,
    "pct2ResTime" : 3589.099999999999,
    "pct3ResTime" : 5390.839999999997,
    "throughput" : 15.300310931872056,
    "receivedKBytesPerSec" : 21.423225225502573,
    "sentKBytesPerSec" : 5.050297944309332
  },
  "-6" : {
    "transaction" : "-6",
    "sampleCount" : 464,
    "errorCount" : 0,
    "errorPct" : 0.0,
    "meanResTime" : 840.1487068965513,
    "medianResTime" : 375.0,
    "minResTime" : 225.0,
    "maxResTime" : 6606.0,
    "pct1ResTime" : 2369.5,
    "pct2ResTime" : 3655.75,
    "pct3ResTime" : 5915.050000000001,
    "throughput" : 15.015209371561712,
    "receivedKBytesPerSec" : 22.189350608374863,
    "sentKBytesPerSec" : 7.580921137790434
  },
  "-7" : {
    "transaction" : "-7",
    "sampleCount" : 436,
    "errorCount" : 0,
    "errorPct" : 0.0,
    "meanResTime" : 876.8990825688085,
    "medianResTime" : 397.0,
    "minResTime" : 230.0,
    "maxResTime" : 6046.0,
    "pct1ResTime" : 2400.6000000000004,
    "pct2ResTime" : 4108.249999999999,
    "pct3ResTime" : 5816.199999999999,
    "throughput" : 13.748305111468483,
    "receivedKBytesPerSec" : 23.427245678034243,
    "sentKBytesPerSec" : 7.719995545990603
  },
  "-8" : {
    "transaction" : "-8",
    "sampleCount" : 414,
    "errorCount" : 0,
    "errorPct" : 0.0,
    "meanResTime" : 10.405797101449274,
    "medianResTime" : 8.0,
    "minResTime" : 6.0,
    "maxResTime" : 153.0,
    "pct1ResTime" : 13.5,
    "pct2ResTime" : 19.0,
    "pct3ResTime" : 55.35000000000025,
    "throughput" : 14.79152524205938,
    "receivedKBytesPerSec" : 16.106006489156453,
    "sentKBytesPerSec" : 5.373483779341885
  },
  "-9" : {
    "transaction" : "-9",
    "sampleCount" : 415,
    "errorCount" : 0,
    "errorPct" : 0.0,
    "meanResTime" : 41.60722891566265,
    "medianResTime" : 33.0,
    "minResTime" : 28.0,
    "maxResTime" : 762.0,
    "pct1ResTime" : 57.400000000000034,
    "pct2ResTime" : 85.0,
    "pct3ResTime" : 146.67999999999995,
    "throughput" : 14.67312519888272,
    "receivedKBytesPerSec" : 15.977084567142805,
    "sentKBytesPerSec" : 5.330471263656613
  },
  "-10" : {
    "transaction" : "-10",
    "sampleCount" : 414,
    "errorCount" : 0,
    "errorPct" : 0.0,
    "meanResTime" : 11.910628019323664,
    "medianResTime" : 8.0,
    "minResTime" : 7.0,
    "maxResTime" : 361.0,
    "pct1ResTime" : 15.5,
    "pct2ResTime" : 28.0,
    "pct3ResTime" : 76.10000000000014,
    "throughput" : 14.773051669997145,
    "receivedKBytesPerSec" : 16.08589122270197,
    "sentKBytesPerSec" : 5.36677267699115
  },
  "-11" : {
    "transaction" : "-11",
    "sampleCount" : 414,
    "errorCount" : 0,
    "errorPct" : 0.0,
    "meanResTime" : 841.6714975845408,
    "medianResTime" : 368.0,
    "minResTime" : 231.0,
    "maxResTime" : 6972.0,
    "pct1ResTime" : 2059.0,
    "pct2ResTime" : 3610.75,
    "pct3ResTime" : 6181.700000000004,
    "throughput" : 13.848469643753136,
    "receivedKBytesPerSec" : 20.705607647599933,
    "sentKBytesPerSec" : 8.560626254390366
  }
}