{
  "" : {
    "transaction" : "",
    "sampleCount" : 505,
    "errorCount" : 0,
    "errorPct" : 0.0,
    "meanResTime" : 2758.093069306931,
    "medianResTime" : 1806.0,
    "minResTime" : 1045.0,
    "maxResTime" : 14635.0,
    "pct1ResTime" : 5799.6,
    "pct2ResTime" : 7420.599999999999,
    "pct3ResTime" : 11231.64,
    "throughput" : 13.114158097018802,
    "receivedKBytesPerSec" : 122.51735840604549,
    "sentKBytesPerSec" : 40.712801357834735
  },
  "Total" : {
    "transaction" : "Total",
    "sampleCount" : 3684,
    "errorCount" : 0,
    "errorPct" : 0.0,
    "meanResTime" : 440.6815960912047,
    "medianResTime" : 261.0,
    "minResTime" : 6.0,
    "maxResTime" : 13040.0,
    "pct1ResTime" : 729.0,
    "pct2ResTime" : 1804.5,
    "pct3ResTime" : 5680.000000000004,
    "throughput" : 94.53425712086221,
    "receivedKBytesPerSec" : 126.70095285636387,
    "sentKBytesPerSec" : 41.87633816878368
  },
  "-5" : {
    "transaction" : "-5",
    "sampleCount" : 575,
    "errorCount" : 0,
    "errorPct" : 0.0,
    "meanResTime" : 721.9530434782611,
    "medianResTime" : 389.0,
    "minResTime" : 254.0,
    "maxResTime" : 10093.0,
    "pct1ResTime" : 1108.1999999999998,
    "pct2ResTime" : 2719.5999999999913,
    "pct3ResTime" : 6767.240000000002,
    "throughput" : 14.982932485603357,
    "receivedKBytesPerSec" : 20.991220734424264,
    "sentKBytesPerSec" : 4.945538261849545
  },
  "-6" : {
    "transaction" : "-6",
    "sampleCount" : 553,
    "errorCount" : 0,
    "errorPct" : 0.0,
    "meanResTime" : 685.5967450271246,
    "medianResTime" : 334.0,
    "minResTime" : 223.0,
    "maxResTime" : 9814.0,
    "pct1ResTime" : 1131.8000000000002,
    "pct2ResTime" : 2591.799999999997,
    "pct3ResTime" : 7973.520000000015,
    "throughput" : 14.466593418092398,
    "receivedKBytesPerSec" : 21.48526914763512,
    "sentKBytesPerSec" : 7.303934372220478
  },
  "-7" : {
    "transaction" : "-7",
    "sampleCount" : 533,
    "errorCount" : 0,
    "errorPct" : 0.0,
    "meanResTime" : 745.2851782363977,
    "medianResTime" : 357.0,
    "minResTime" : 227.0,
    "maxResTime" : 12178.0,
    "pct1ResTime" : 1457.2000000000012,
    "pct2ResTime" : 2760.999999999998,
    "pct3ResTime" : 8452.879999999957,
    "throughput" : 14.217503801114994,
    "receivedKBytesPerSec" : 24.1224665485209,
    "sentKBytesPerSec" : 7.983461607071408
  },
  "-8" : {
    "transaction" : "-8",
    "sampleCount" : 506,
    "errorCount" : 0,
    "errorPct" : 0.0,
    "meanResTime" : 8.656126482213422,
    "medianResTime" : 8.0,
    "minResTime" : 6.0,
    "maxResTime" : 30.0,
    "pct1ResTime" : 11.0,
    "pct2ResTime" : 13.0,
    "pct3ResTime" : 21.860000000000014,
    "throughput" : 18.00199231535506,
    "receivedKBytesPerSec" : 19.601778741817277,
    "sentKBytesPerSec" : 6.53978627081258
  },
  "-9" : {
    "transaction" : "-9",
    "sampleCount" : 506,
    "errorCount" : 0,
    "errorPct" : 0.0,
    "meanResTime" : 34.93675889328065,
    "medianResTime" : 33.0,
    "minResTime" : 27.0,
    "maxResTime" : 245.0,
    "pct1ResTime" : 42.0,
    "pct2ResTime" : 48.0,
    "pct3ResTime" : 57.93000000000001,
    "throughput" : 17.966197983241017,
    "receivedKBytesPerSec" : 19.562803468079817,
    "sentKBytesPerSec" : 6.526782861099275
  },
  "-10" : {
    "transaction" : "-10",
    "sampleCount" : 506,
    "errorCount" : 0,
    "errorPct" : 0.0,
    "meanResTime" : 8.725296442687743,
    "medianResTime" : 8.0,
    "minResTime" : 6.0,
    "maxResTime" : 51.0,
    "pct1ResTime" : 11.0,
    "pct2ResTime" : 12.0,
    "pct3ResTime" : 16.0,
    "throughput" : 17.999430848036425,
    "receivedKBytesPerSec" : 19.598989644102165,
    "sentKBytesPerSec" : 6.5388557377632335
  },
  "-11" : {
    "transaction" : "-11",
    "sampleCount" : 505,
    "errorCount" : 0,
    "errorPct" : 0.0,
    "meanResTime" : 802.9762376237621,
    "medianResTime" : 354.0,
    "minResTime" : 226.0,
    "maxResTime" : 13040.0,
    "pct1ResTime" : 1858.4000000000003,
    "pct2ResTime" : 3066.2,
    "pct3ResTime" : 9178.64,
    "throughput" : 13.68081705632162,
    "receivedKBytesPerSec" : 20.4110372277382,
    "sentKBytesPerSec" : 8.456989449855065
  }
}